experiment,dataset,seed,model,method,pi_train,pi_test,c10,c01,auc,pr_auc,precision,recall,f1,risk,threshold,neff,notes
exp2,synthetic,0,LogisticRegression,nocorr,0.2,0.5,1.0,1.0,0.94156735,0.9416242963224519,,,,,,,auc_invariance_demo
exp2,synthetic,0,XGBoost,nocorr,0.2,0.5,1.0,1.0,0.939812935,0.9400939867855477,,,,,,,auc_invariance_demo
exp2,synthetic,0,LogisticRegression,nocorr,0.2,0.2,1.0,1.0,0.9411858437500001,0.8353499006446978,,,,,,,auc_invariance_demo
exp2,synthetic,0,XGBoost,nocorr,0.2,0.2,1.0,1.0,0.9399651484375,0.8328594649502205,,,,,,,auc_invariance_demo
exp2,synthetic,0,LogisticRegression,nocorr,0.2,0.1,1.0,1.0,0.9427366111111111,0.7387986337866612,,,,,,,auc_invariance_demo
exp2,synthetic,0,XGBoost,nocorr,0.2,0.1,1.0,1.0,0.9415965138888888,0.7364856940671854,,,,,,,auc_invariance_demo
exp2,synthetic,0,LogisticRegression,nocorr,0.2,0.05,1.0,1.0,0.9460881578947369,0.6466910483314557,,,,,,,auc_invariance_demo
exp2,synthetic,0,XGBoost,nocorr,0.2,0.05,1.0,1.0,0.9453322368421052,0.6435029883148677,,,,,,,auc_invariance_demo
exp2,synthetic,0,LogisticRegression,nocorr,0.2,0.01,1.0,1.0,0.950475505050505,0.4330229956804921,,,,,,,auc_invariance_demo
exp2,synthetic,0,XGBoost,nocorr,0.2,0.01,1.0,1.0,0.9497243686868686,0.4220619534708199,,,,,,,auc_invariance_demo
exp2,breast_cancer,0,LogisticRegression,nocorr,0.2,0.5,1.0,1.0,0.9900407424173835,0.9912345907943855,,,,,,,auc_invariance_demo
exp2,breast_cancer,0,XGBoost,nocorr,0.2,0.5,1.0,1.0,0.9929832503395201,0.9934978296449156,,,,,,,auc_invariance_demo
exp2,breast_cancer,0,LogisticRegression,nocorr,0.2,0.2,1.0,1.0,0.9914035087719298,0.9803556187766713,,,,,,,auc_invariance_demo
exp2,breast_cancer,0,XGBoost,nocorr,0.2,0.2,1.0,1.0,0.9887719298245613,0.9792881572795944,,,,,,,auc_invariance_demo
exp2,breast_cancer,0,LogisticRegression,nocorr,0.2,0.1,1.0,1.0,0.9943942696979134,0.9743954480796584,,,,,,,auc_invariance_demo
exp2,breast_cancer,0,XGBoost,nocorr,0.2,0.1,1.0,1.0,0.9760199314855185,0.9382205513784458,,,,,,,auc_invariance_demo
exp2,breast_cancer,0,LogisticRegression,nocorr,0.2,0.05,1.0,1.0,1.0,1.0000000000000002,,,,,,,auc_invariance_demo
exp2,breast_cancer,0,XGBoost,nocorr,0.2,0.05,1.0,1.0,0.9925512104283054,0.9365079365079367,,,,,,,auc_invariance_demo
exp2,breast_cancer,0,LogisticRegression,nocorr,0.2,0.01,1.0,1.0,1.0,1.0,,,,,,,auc_invariance_demo
exp2,breast_cancer,0,XGBoost,nocorr,0.2,0.01,1.0,1.0,0.967741935483871,0.5714285714285714,,,,,,,auc_invariance_demo
exp2,synthetic,1,LogisticRegression,nocorr,0.2,0.5,1.0,1.0,0.94393149,0.9454835206439147,,,,,,,auc_invariance_demo
exp2,synthetic,1,XGBoost,nocorr,0.2,0.5,1.0,1.0,0.9423151000000001,0.9442603190266536,,,,,,,auc_invariance_demo
exp2,synthetic,1,LogisticRegression,nocorr,0.2,0.2,1.0,1.0,0.9431135312500001,0.8444837514332847,,,,,,,auc_invariance_demo
exp2,synthetic,1,XGBoost,nocorr,0.2,0.2,1.0,1.0,0.941656328125,0.8418032143449004,,,,,,,auc_invariance_demo
exp2,synthetic,1,LogisticRegression,nocorr,0.2,0.1,1.0,1.0,0.9415278333333332,0.7496086355191354,,,,,,,auc_invariance_demo
exp2,synthetic,1,XGBoost,nocorr,0.2,0.1,1.0,1.0,0.9400155694444445,0.7444899397371436,,,,,,,auc_invariance_demo
exp2,synthetic,1,LogisticRegression,nocorr,0.2,0.05,1.0,1.0,0.9373624210526317,0.6286949475706556,,,,,,,auc_invariance_demo
exp2,synthetic,1,XGBoost,nocorr,0.2,0.05,1.0,1.0,0.935719447368421,0.6255691213707248,,,,,,,auc_invariance_demo
exp2,synthetic,1,LogisticRegression,nocorr,0.2,0.01,1.0,1.0,0.9464320707070707,0.37202956462936626,,,,,,,auc_invariance_demo
exp2,synthetic,1,XGBoost,nocorr,0.2,0.01,1.0,1.0,0.9470438131313131,0.3565336371230824,,,,,,,auc_invariance_demo
exp2,breast_cancer,1,LogisticRegression,nocorr,0.2,0.5,1.0,1.0,0.9876641014033499,0.9907273867112253,,,,,,,auc_invariance_demo
exp2,breast_cancer,1,XGBoost,nocorr,0.2,0.5,1.0,1.0,0.9897012222725216,0.9907016265436847,,,,,,,auc_invariance_demo
exp2,breast_cancer,1,LogisticRegression,nocorr,0.2,0.2,1.0,1.0,0.9926315789473684,0.9776380527659814,,,,,,,auc_invariance_demo
exp2,breast_cancer,1,XGBoost,nocorr,0.2,0.2,1.0,1.0,0.9924561403508771,0.9773876856655773,,,,,,,auc_invariance_demo
exp2,breast_cancer,1,LogisticRegression,nocorr,0.2,0.1,1.0,1.0,0.990968545624416,0.9449980213692124,,,,,,,auc_invariance_demo
exp2,breast_cancer,1,XGBoost,nocorr,0.2,0.1,1.0,1.0,0.9956399875428216,0.9649808456077804,,,,,,,auc_invariance_demo
exp2,breast_cancer,1,LogisticRegression,nocorr,0.2,0.05,1.0,1.0,0.9819987585350715,0.8066666666666669,,,,,,,auc_invariance_demo
exp2,breast_cancer,1,XGBoost,nocorr,0.2,0.05,1.0,1.0,0.994413407821229,0.9134479717813051,,,,,,,auc_invariance_demo
exp2,breast_cancer,1,LogisticRegression,nocorr,0.2,0.01,1.0,1.0,1.0,1.0,,,,,,,auc_invariance_demo
exp2,breast_cancer,1,XGBoost,nocorr,0.2,0.01,1.0,1.0,1.0,1.0,,,,,,,auc_invariance_demo
exp2,synthetic,2,LogisticRegression,nocorr,0.2,0.5,1.0,1.0,0.94180263,0.9431660223801048,,,,,,,auc_invariance_demo
exp2,synthetic,2,XGBoost,nocorr,0.2,0.5,1.0,1.0,0.94085638,0.9425859398141008,,,,,,,auc_invariance_demo
exp2,synthetic,2,LogisticRegression,nocorr,0.2,0.2,1.0,1.0,0.944516171875,0.8439251113970232,,,,,,,auc_invariance_demo
exp2,synthetic,2,XGBoost,nocorr,0.2,0.2,1.0,1.0,0.9436513984375001,0.8430347221319894,,,,,,,auc_invariance_demo
exp2,synthetic,2,LogisticRegression,nocorr,0.2,0.1,1.0,1.0,0.9450425833333332,0.7482777301206989,,,,,,,auc_invariance_demo
exp2,synthetic,2,XGBoost,nocorr,0.2,0.1,1.0,1.0,0.9431968472222222,0.7465752283598662,,,,,,,auc_invariance_demo
exp2,synthetic,2,LogisticRegression,nocorr,0.2,0.05,1.0,1.0,0.9439624210526315,0.643282373149703,,,,,,,auc_invariance_demo
exp2,synthetic,2,XGBoost,nocorr,0.2,0.05,1.0,1.0,0.9419890000000002,0.6394569031874162,,,,,,,auc_invariance_demo
exp2,synthetic,2,LogisticRegression,nocorr,0.2,0.01,1.0,1.0,0.9269820707070707,0.4327668130805548,,,,,,,auc_invariance_demo
exp2,synthetic,2,XGBoost,nocorr,0.2,0.01,1.0,1.0,0.9230845959595959,0.42057718210991424,,,,,,,auc_invariance_demo
exp2,breast_cancer,2,LogisticRegression,nocorr,0.2,0.5,1.0,1.0,0.994001810774106,0.9946039025408534,,,,,,,auc_invariance_demo
exp2,breast_cancer,2,XGBoost,nocorr,0.2,0.5,1.0,1.0,0.9930964237211408,0.9932467065670163,,,,,,,auc_invariance_demo
exp2,breast_cancer,2,LogisticRegression,nocorr,0.2,0.2,1.0,1.0,0.996140350877193,0.9866431245631535,,,,,,,auc_invariance_demo
exp2,breast_cancer,2,XGBoost,nocorr,0.2,0.2,1.0,1.0,0.9957894736842106,0.985221113574772,,,,,,,auc_invariance_demo
exp2,breast_cancer,2,LogisticRegression,nocorr,0.2,0.1,1.0,1.0,0.9940828402366864,0.9603163892637574,,,,,,,auc_invariance_demo
exp2,breast_cancer,2,XGBoost,nocorr,0.2,0.1,1.0,1.0,0.9940828402366864,0.9591313949208684,,,,,,,auc_invariance_demo
exp2,breast_cancer,2,LogisticRegression,nocorr,0.2,0.05,1.0,1.0,0.9950341402855369,0.9477124183006538,,,,,,,auc_invariance_demo
exp2,breast_cancer,2,XGBoost,nocorr,0.2,0.05,1.0,1.0,0.9956548727498449,0.9513888888888891,,,,,,,auc_invariance_demo
exp2,breast_cancer,2,LogisticRegression,nocorr,0.2,0.01,1.0,1.0,0.9784946236559139,0.6,,,,,,,auc_invariance_demo
exp2,breast_cancer,2,XGBoost,nocorr,0.2,0.01,1.0,1.0,0.9999999999999999,1.0,,,,,,,auc_invariance_demo
exp2,synthetic,3,LogisticRegression,nocorr,0.2,0.5,1.0,1.0,0.9437500499999999,0.9447585009558452,,,,,,,auc_invariance_demo
exp2,synthetic,3,XGBoost,nocorr,0.2,0.5,1.0,1.0,0.9427993750000001,0.9439533624715611,,,,,,,auc_invariance_demo
exp2,synthetic,3,LogisticRegression,nocorr,0.2,0.2,1.0,1.0,0.94106803125,0.8347744466614303,,,,,,,auc_invariance_demo
exp2,synthetic,3,XGBoost,nocorr,0.2,0.2,1.0,1.0,0.939907625,0.8329916773916403,,,,,,,auc_invariance_demo
exp2,synthetic,3,LogisticRegression,nocorr,0.2,0.1,1.0,1.0,0.9420426111111111,0.7360901000393836,,,,,,,auc_invariance_demo
exp2,synthetic,3,XGBoost,nocorr,0.2,0.1,1.0,1.0,0.9407101388888888,0.7328265936692343,,,,,,,auc_invariance_demo
exp2,synthetic,3,LogisticRegression,nocorr,0.2,0.05,1.0,1.0,0.9423047368421054,0.6185992259948568,,,,,,,auc_invariance_demo
exp2,synthetic,3,XGBoost,nocorr,0.2,0.05,1.0,1.0,0.9415775789473684,0.6176657475272369,,,,,,,auc_invariance_demo
exp2,synthetic,3,LogisticRegression,nocorr,0.2,0.01,1.0,1.0,0.9470234848484848,0.36913219402580044,,,,,,,auc_invariance_demo
exp2,synthetic,3,XGBoost,nocorr,0.2,0.01,1.0,1.0,0.9460739898989898,0.3618765021655033,,,,,,,auc_invariance_demo
exp2,breast_cancer,3,LogisticRegression,nocorr,0.2,0.5,1.0,1.0,1.0,0.9999999999999999,,,,,,,auc_invariance_demo
exp2,breast_cancer,3,XGBoost,nocorr,0.2,0.5,1.0,1.0,0.9966047985513807,0.9966242611936096,,,,,,,auc_invariance_demo
exp2,breast_cancer,3,LogisticRegression,nocorr,0.2,0.2,1.0,1.0,1.0,1.0,,,,,,,auc_invariance_demo
exp2,breast_cancer,3,XGBoost,nocorr,0.2,0.2,1.0,1.0,0.9945614035087719,0.9823001280602343,,,,,,,auc_invariance_demo
exp2,breast_cancer,3,LogisticRegression,nocorr,0.2,0.1,1.0,1.0,1.0,0.9999999999999996,,,,,,,auc_invariance_demo
exp2,breast_cancer,3,XGBoost,nocorr,0.2,0.1,1.0,1.0,0.9947056991591405,0.9731697665215666,,,,,,,auc_invariance_demo
exp2,breast_cancer,3,LogisticRegression,nocorr,0.2,0.05,1.0,1.0,1.0,1.0000000000000002,,,,,,,auc_invariance_demo
exp2,breast_cancer,3,XGBoost,nocorr,0.2,0.05,1.0,1.0,1.0,1.0000000000000002,,,,,,,auc_invariance_demo
exp2,breast_cancer,3,LogisticRegression,nocorr,0.2,0.01,1.0,1.0,1.0,1.0,,,,,,,auc_invariance_demo
exp2,breast_cancer,3,XGBoost,nocorr,0.2,0.01,1.0,1.0,1.0,1.0,,,,,,,auc_invariance_demo
exp2,synthetic,4,LogisticRegression,nocorr,0.2,0.5,1.0,1.0,0.94645423,0.9467275836783182,,,,,,,auc_invariance_demo
exp2,synthetic,4,XGBoost,nocorr,0.2,0.5,1.0,1.0,0.94539911,0.9459236917678109,,,,,,,auc_invariance_demo
exp2,synthetic,4,LogisticRegression,nocorr,0.2,0.2,1.0,1.0,0.9465478281249998,0.8493052541583084,,,,,,,auc_invariance_demo
exp2,synthetic,4,XGBoost,nocorr,0.2,0.2,1.0,1.0,0.9454428125000001,0.8479902533648589,,,,,,,auc_invariance_demo
exp2,synthetic,4,LogisticRegression,nocorr,0.2,0.1,1.0,1.0,0.9483990833333333,0.7603682893372552,,,,,,,auc_invariance_demo
exp2,synthetic,4,XGBoost,nocorr,0.2,0.1,1.0,1.0,0.9474123333333333,0.7600019899837076,,,,,,,auc_invariance_demo
exp2,synthetic,4,LogisticRegression,nocorr,0.2,0.05,1.0,1.0,0.9489928947368421,0.6656164337244543,,,,,,,auc_invariance_demo
exp2,synthetic,4,XGBoost,nocorr,0.2,0.05,1.0,1.0,0.947980052631579,0.6654877912054183,,,,,,,auc_invariance_demo
exp2,synthetic,4,LogisticRegression,nocorr,0.2,0.01,1.0,1.0,0.9464906565656565,0.4096316580123531,,,,,,,auc_invariance_demo
exp2,synthetic,4,XGBoost,nocorr,0.2,0.01,1.0,1.0,0.9464323232323232,0.40568688845360024,,,,,,,auc_invariance_demo
exp2,breast_cancer,4,LogisticRegression,nocorr,0.2,0.5,1.0,1.0,0.9906066093254867,0.9910011100456153,,,,,,,auc_invariance_demo
exp2,breast_cancer,4,XGBoost,nocorr,0.2,0.5,1.0,1.0,0.9831371661385242,0.9842523221095145,,,,,,,auc_invariance_demo
exp2,breast_cancer,4,LogisticRegression,nocorr,0.2,0.2,1.0,1.0,0.9912280701754386,0.9775314120814969,,,,,,,auc_invariance_demo
exp2,breast_cancer,4,XGBoost,nocorr,0.2,0.2,1.0,1.0,0.9885964912280701,0.9697647666838937,,,,,,,auc_invariance_demo
exp2,breast_cancer,4,LogisticRegression,nocorr,0.2,0.1,1.0,1.0,0.999688570538773,0.9973684210526312,,,,,,,auc_invariance_demo
exp2,breast_cancer,4,XGBoost,nocorr,0.2,0.1,1.0,1.0,0.9956399875428216,0.9691834074349959,,,,,,,auc_invariance_demo
exp2,breast_cancer,4,LogisticRegression,nocorr,0.2,0.05,1.0,1.0,0.9993792675356922,0.9888888888888892,,,,,,,auc_invariance_demo
exp2,breast_cancer,4,XGBoost,nocorr,0.2,0.05,1.0,1.0,0.9906890130353817,0.8946969696969698,,,,,,,auc_invariance_demo
exp2,breast_cancer,4,LogisticRegression,nocorr,0.2,0.01,1.0,1.0,1.0,1.0,,,,,,,auc_invariance_demo
exp2,breast_cancer,4,XGBoost,nocorr,0.2,0.01,1.0,1.0,0.9919354838709677,0.7,,,,,,,auc_invariance_demo
exp2,synthetic,5,LogisticRegression,nocorr,0.2,0.5,1.0,1.0,0.9437797499999999,0.9438685401381093,,,,,,,auc_invariance_demo
exp2,synthetic,5,XGBoost,nocorr,0.2,0.5,1.0,1.0,0.942156465,0.9422235740980284,,,,,,,auc_invariance_demo
exp2,synthetic,5,LogisticRegression,nocorr,0.2,0.2,1.0,1.0,0.945391625,0.8431793852160094,,,,,,,auc_invariance_demo
exp2,synthetic,5,XGBoost,nocorr,0.2,0.2,1.0,1.0,0.9439620000000001,0.8389866193249373,,,,,,,auc_invariance_demo
exp2,synthetic,5,LogisticRegression,nocorr,0.2,0.1,1.0,1.0,0.94502775,0.7400529500823324,,,,,,,auc_invariance_demo
exp2,synthetic,5,XGBoost,nocorr,0.2,0.1,1.0,1.0,0.9439868333333334,0.7344430728652012,,,,,,,auc_invariance_demo
exp2,synthetic,5,LogisticRegression,nocorr,0.2,0.05,1.0,1.0,0.9430041052631578,0.6113763762605057,,,,,,,auc_invariance_demo
exp2,synthetic,5,XGBoost,nocorr,0.2,0.05,1.0,1.0,0.9418297368421051,0.6023306500215022,,,,,,,auc_invariance_demo
exp2,synthetic,5,LogisticRegression,nocorr,0.2,0.01,1.0,1.0,0.9476239898989899,0.3757121738121205,,,,,,,auc_invariance_demo
exp2,synthetic,5,XGBoost,nocorr,0.2,0.01,1.0,1.0,0.9462055555555555,0.3566401920299138,,,,,,,auc_invariance_demo
exp2,breast_cancer,5,LogisticRegression,nocorr,0.2,0.5,1.0,1.0,0.9912856496152106,0.9937605291071316,,,,,,,auc_invariance_demo
exp2,breast_cancer,5,XGBoost,nocorr,0.2,0.5,1.0,1.0,0.9809868718877319,0.9838748483488902,,,,,,,auc_invariance_demo
exp2,breast_cancer,5,LogisticRegression,nocorr,0.2,0.2,1.0,1.0,0.9850877192982456,0.9800438596491228,,,,,,,auc_invariance_demo
exp2,breast_cancer,5,XGBoost,nocorr,0.2,0.2,1.0,1.0,0.9785964912280702,0.9590655932761194,,,,,,,auc_invariance_demo
exp2,breast_cancer,5,LogisticRegression,nocorr,0.2,0.1,1.0,1.0,0.9987542821550919,0.9908466819221968,,,,,,,auc_invariance_demo
exp2,breast_cancer,5,XGBoost,nocorr,0.2,0.1,1.0,1.0,0.980691373403924,0.9320265074243039,,,,,,,auc_invariance_demo
exp2,breast_cancer,5,LogisticRegression,nocorr,0.2,0.05,1.0,1.0,0.9975170701427684,0.9658119658119659,,,,,,,auc_invariance_demo
exp2,breast_cancer,5,XGBoost,nocorr,0.2,0.05,1.0,1.0,0.9968963376784606,0.9500000000000001,,,,,,,auc_invariance_demo
exp2,breast_cancer,5,LogisticRegression,nocorr,0.2,0.01,1.0,1.0,1.0,1.0,,,,,,,auc_invariance_demo
exp2,breast_cancer,5,XGBoost,nocorr,0.2,0.01,1.0,1.0,1.0,1.0,,,,,,,auc_invariance_demo
exp2,synthetic,6,LogisticRegression,nocorr,0.2,0.5,1.0,1.0,0.9431181500000001,0.942562484899062,,,,,,,auc_invariance_demo
exp2,synthetic,6,XGBoost,nocorr,0.2,0.5,1.0,1.0,0.94114823,0.9405752275464986,,,,,,,auc_invariance_demo
exp2,synthetic,6,LogisticRegression,nocorr,0.2,0.2,1.0,1.0,0.943467796875,0.8341437217915935,,,,,,,auc_invariance_demo
exp2,synthetic,6,XGBoost,nocorr,0.2,0.2,1.0,1.0,0.9418565234374999,0.8309056139036225,,,,,,,auc_invariance_demo
exp2,synthetic,6,LogisticRegression,nocorr,0.2,0.1,1.0,1.0,0.9457358055555555,0.7337316370044711,,,,,,,auc_invariance_demo
exp2,synthetic,6,XGBoost,nocorr,0.2,0.1,1.0,1.0,0.9443434861111111,0.7288685196392692,,,,,,,auc_invariance_demo
exp2,synthetic,6,LogisticRegression,nocorr,0.2,0.05,1.0,1.0,0.9457025789473684,0.6187719391581287,,,,,,,auc_invariance_demo
exp2,synthetic,6,XGBoost,nocorr,0.2,0.05,1.0,1.0,0.9447835000000001,0.6147421724549896,,,,,,,auc_invariance_demo
exp2,synthetic,6,LogisticRegression,nocorr,0.2,0.01,1.0,1.0,0.9443219696969698,0.3764345979849637,,,,,,,auc_invariance_demo
exp2,synthetic,6,XGBoost,nocorr,0.2,0.01,1.0,1.0,0.9446045454545455,0.35757410125364425,,,,,,,auc_invariance_demo
exp2,breast_cancer,6,LogisticRegression,nocorr,0.2,0.5,1.0,1.0,0.992077863286555,0.9944670192891899,,,,,,,auc_invariance_demo
exp2,breast_cancer,6,XGBoost,nocorr,0.2,0.5,1.0,1.0,0.9821186057039385,0.9883534741056866,,,,,,,auc_invariance_demo
exp2,breast_cancer,6,LogisticRegression,nocorr,0.2,0.2,1.0,1.0,0.9849122807017544,0.9780017424742528,,,,,,,auc_invariance_demo
exp2,breast_cancer,6,XGBoost,nocorr,0.2,0.2,1.0,1.0,0.9730701754385964,0.9743084150632625,,,,,,,auc_invariance_demo
exp2,breast_cancer,6,LogisticRegression,nocorr,0.2,0.1,1.0,1.0,0.9987542821550919,0.989724310776942,,,,,,,auc_invariance_demo
exp2,breast_cancer,6,XGBoost,nocorr,0.2,0.1,1.0,1.0,0.9987542821550919,0.989724310776942,,,,,,,auc_invariance_demo
exp2,breast_cancer,6,LogisticRegression,nocorr,0.2,0.05,1.0,1.0,1.0,1.0000000000000002,,,,,,,auc_invariance_demo
exp2,breast_cancer,6,XGBoost,nocorr,0.2,0.05,1.0,1.0,0.9981378026070763,0.9722222222222223,,,,,,,auc_invariance_demo
exp2,breast_cancer,6,LogisticRegression,nocorr,0.2,0.01,1.0,1.0,1.0,1.0,,,,,,,auc_invariance_demo
exp2,breast_cancer,6,XGBoost,nocorr,0.2,0.01,1.0,1.0,0.9919354838709676,0.7,,,,,,,auc_invariance_demo
exp2,synthetic,7,LogisticRegression,nocorr,0.2,0.5,1.0,1.0,0.94620207,0.947488253708347,,,,,,,auc_invariance_demo
exp2,synthetic,7,XGBoost,nocorr,0.2,0.5,1.0,1.0,0.944732215,0.946085989390943,,,,,,,auc_invariance_demo
exp2,synthetic,7,LogisticRegression,nocorr,0.2,0.2,1.0,1.0,0.9453297812499999,0.8461174399302299,,,,,,,auc_invariance_demo
exp2,synthetic,7,XGBoost,nocorr,0.2,0.2,1.0,1.0,0.943925625,0.8437277184138594,,,,,,,auc_invariance_demo
exp2,synthetic,7,LogisticRegression,nocorr,0.2,0.1,1.0,1.0,0.9437258888888891,0.745668834805281,,,,,,,auc_invariance_demo
exp2,synthetic,7,XGBoost,nocorr,0.2,0.1,1.0,1.0,0.9420440000000001,0.7417938096605573,,,,,,,auc_invariance_demo
exp2,synthetic,7,LogisticRegression,nocorr,0.2,0.05,1.0,1.0,0.937474157894737,0.618135723624017,,,,,,,auc_invariance_demo
exp2,synthetic,7,XGBoost,nocorr,0.2,0.05,1.0,1.0,0.935530052631579,0.6154881226871217,,,,,,,auc_invariance_demo
exp2,synthetic,7,LogisticRegression,nocorr,0.2,0.01,1.0,1.0,0.9390830808080809,0.38141459319866794,,,,,,,auc_invariance_demo
exp2,synthetic,7,XGBoost,nocorr,0.2,0.01,1.0,1.0,0.9349325757575756,0.3811708510672378,,,,,,,auc_invariance_demo
exp2,breast_cancer,7,LogisticRegression,nocorr,0.2,0.5,1.0,1.0,0.9953598913535536,0.9961670565709753,,,,,,,auc_invariance_demo
exp2,breast_cancer,7,XGBoost,nocorr,0.2,0.5,1.0,1.0,0.9897012222725214,0.9916385627577433,,,,,,,auc_invariance_demo
exp2,breast_cancer,7,LogisticRegression,nocorr,0.2,0.2,1.0,1.0,0.9935087719298246,0.9795549284856332,,,,,,,auc_invariance_demo
exp2,breast_cancer,7,XGBoost,nocorr,0.2,0.2,1.0,1.0,0.9750877192982456,0.9357565267847563,,,,,,,auc_invariance_demo
exp2,breast_cancer,7,LogisticRegression,nocorr,0.2,0.1,1.0,1.0,0.9947056991591404,0.971517027863777,,,,,,,auc_invariance_demo
exp2,breast_cancer,7,XGBoost,nocorr,0.2,0.1,1.0,1.0,0.9729056368732483,0.8922013835278444,,,,,,,auc_invariance_demo
exp2,breast_cancer,7,LogisticRegression,nocorr,0.2,0.05,1.0,1.0,0.9894475481067659,0.9083333333333334,,,,,,,auc_invariance_demo
exp2,breast_cancer,7,XGBoost,nocorr,0.2,0.05,1.0,1.0,0.9478584729981377,0.7479072332520609,,,,,,,auc_invariance_demo
exp2,breast_cancer,7,LogisticRegression,nocorr,0.2,0.01,1.0,1.0,1.0,1.0,,,,,,,auc_invariance_demo
exp2,breast_cancer,7,XGBoost,nocorr,0.2,0.01,1.0,1.0,1.0,1.0,,,,,,,auc_invariance_demo
exp2,synthetic,8,LogisticRegression,nocorr,0.2,0.5,1.0,1.0,0.94309971,0.9437612083164107,,,,,,,auc_invariance_demo
exp2,synthetic,8,XGBoost,nocorr,0.2,0.5,1.0,1.0,0.94128576,0.9421615716873859,,,,,,,auc_invariance_demo
exp2,synthetic,8,LogisticRegression,nocorr,0.2,0.2,1.0,1.0,0.9428825781250001,0.8399521702792947,,,,,,,auc_invariance_demo
exp2,synthetic,8,XGBoost,nocorr,0.2,0.2,1.0,1.0,0.941238984375,0.8364944887905302,,,,,,,auc_invariance_demo
exp2,synthetic,8,LogisticRegression,nocorr,0.2,0.1,1.0,1.0,0.9437742777777779,0.7462744495462501,,,,,,,auc_invariance_demo
exp2,synthetic,8,XGBoost,nocorr,0.2,0.1,1.0,1.0,0.9417785277777778,0.7399409288920342,,,,,,,auc_invariance_demo
exp2,synthetic,8,LogisticRegression,nocorr,0.2,0.05,1.0,1.0,0.9411151578947368,0.6376451773210019,,,,,,,auc_invariance_demo
exp2,synthetic,8,XGBoost,nocorr,0.2,0.05,1.0,1.0,0.9394737368421052,0.6294918282147076,,,,,,,auc_invariance_demo
exp2,synthetic,8,LogisticRegression,nocorr,0.2,0.01,1.0,1.0,0.9523772727272727,0.37688512551534964,,,,,,,auc_invariance_demo
exp2,synthetic,8,XGBoost,nocorr,0.2,0.01,1.0,1.0,0.9497684343434344,0.36564641632674666,,,,,,,auc_invariance_demo
exp2,breast_cancer,8,LogisticRegression,nocorr,0.2,0.5,1.0,1.0,0.9937754640108647,0.9943413073698655,,,,,,,auc_invariance_demo
exp2,breast_cancer,8,XGBoost,nocorr,0.2,0.5,1.0,1.0,0.9911724762335898,0.9918074765782715,,,,,,,auc_invariance_demo
exp2,breast_cancer,8,LogisticRegression,nocorr,0.2,0.2,1.0,1.0,0.9950877192982456,0.9864467601978752,,,,,,,auc_invariance_demo
exp2,breast_cancer,8,XGBoost,nocorr,0.2,0.2,1.0,1.0,0.996315789473684,0.9869695817657826,,,,,,,auc_invariance_demo
exp2,breast_cancer,8,LogisticRegression,nocorr,0.2,0.1,1.0,1.0,0.9925256929305513,0.9706242350061198,,,,,,,auc_invariance_demo
exp2,breast_cancer,8,XGBoost,nocorr,0.2,0.1,1.0,1.0,0.9919028340080972,0.9451757383890347,,,,,,,auc_invariance_demo
exp2,breast_cancer,8,LogisticRegression,nocorr,0.2,0.05,1.0,1.0,0.9851024208566107,0.9191919191919193,,,,,,,auc_invariance_demo
exp2,breast_cancer,8,XGBoost,nocorr,0.2,0.05,1.0,1.0,0.9894475481067659,0.902064119455424,,,,,,,auc_invariance_demo
exp2,breast_cancer,8,LogisticRegression,nocorr,0.2,0.01,1.0,1.0,0.935483870967742,0.5384615384615384,,,,,,,auc_invariance_demo
exp2,breast_cancer,8,XGBoost,nocorr,0.2,0.01,1.0,1.0,0.9623655913978495,0.5625,,,,,,,auc_invariance_demo
exp2,synthetic,9,LogisticRegression,nocorr,0.2,0.5,1.0,1.0,0.9469794300000001,0.9485312494762543,,,,,,,auc_invariance_demo
exp2,synthetic,9,XGBoost,nocorr,0.2,0.5,1.0,1.0,0.945808485,0.9475502441320698,,,,,,,auc_invariance_demo
exp2,synthetic,9,LogisticRegression,nocorr,0.2,0.2,1.0,1.0,0.9469523750000001,0.852771269786336,,,,,,,auc_invariance_demo
exp2,synthetic,9,XGBoost,nocorr,0.2,0.2,1.0,1.0,0.9457219765625,0.85066967279577,,,,,,,auc_invariance_demo
exp2,synthetic,9,LogisticRegression,nocorr,0.2,0.1,1.0,1.0,0.9481970277777778,0.7637180026580882,,,,,,,auc_invariance_demo
exp2,synthetic,9,XGBoost,nocorr,0.2,0.1,1.0,1.0,0.9471479722222222,0.7606533376059053,,,,,,,auc_invariance_demo
exp2,synthetic,9,LogisticRegression,nocorr,0.2,0.05,1.0,1.0,0.9512562631578948,0.6675540664073139,,,,,,,auc_invariance_demo
exp2,synthetic,9,XGBoost,nocorr,0.2,0.05,1.0,1.0,0.9506967894736843,0.6636626757757547,,,,,,,auc_invariance_demo
exp2,synthetic,9,LogisticRegression,nocorr,0.2,0.01,1.0,1.0,0.9637863636363636,0.48395992734668036,,,,,,,auc_invariance_demo
exp2,synthetic,9,XGBoost,nocorr,0.2,0.01,1.0,1.0,0.9628459595959596,0.47515974390698407,,,,,,,auc_invariance_demo
exp2,breast_cancer,9,LogisticRegression,nocorr,0.2,0.5,1.0,1.0,0.9971706654594839,0.9972956887315361,,,,,,,auc_invariance_demo
exp2,breast_cancer,9,XGBoost,nocorr,0.2,0.5,1.0,1.0,0.9857401539157991,0.9875963449945302,,,,,,,auc_invariance_demo
exp2,breast_cancer,9,LogisticRegression,nocorr,0.2,0.2,1.0,1.0,0.9989473684210526,0.9964114832535885,,,,,,,auc_invariance_demo
exp2,breast_cancer,9,XGBoost,nocorr,0.2,0.2,1.0,1.0,0.9845614035087719,0.9583772560302508,,,,,,,auc_invariance_demo
exp2,breast_cancer,9,LogisticRegression,nocorr,0.2,0.1,1.0,1.0,0.9971971348489568,0.9816353749871753,,,,,,,auc_invariance_demo
exp2,breast_cancer,9,XGBoost,nocorr,0.2,0.1,1.0,1.0,0.9744627841793834,0.8943081387679723,,,,,,,auc_invariance_demo
exp2,breast_cancer,9,LogisticRegression,nocorr,0.2,0.05,1.0,1.0,0.9944134078212291,0.9444444444444446,,,,,,,auc_invariance_demo
exp2,breast_cancer,9,XGBoost,nocorr,0.2,0.05,1.0,1.0,0.9677219118559901,0.9052823315118399,,,,,,,auc_invariance_demo
exp2,breast_cancer,9,LogisticRegression,nocorr,0.2,0.01,1.0,1.0,1.0,1.0,,,,,,,auc_invariance_demo
exp2,breast_cancer,9,XGBoost,nocorr,0.2,0.01,1.0,1.0,1.0,1.0,,,,,,,auc_invariance_demo
